<?xml version='1.0' encoding='iso-8859-1' ?>
<VISIONLOG version='1'>
<RECORD>
<VALUE tag='1' text='When' type='12' raw='1422604524'>11-JUN-2022  07:07:24</VALUE>
<VALUE tag='2' text='Event' type='13' raw='0'>RUN_FIND</VALUE>
<VALUE tag='3' text='Vision Data' type='9' raw='%53%49%44%45%42%5f%43%4f%52%4e%4f%52%4c%4f%43%41%54%49%4f%4e'>SIDEB_CORNORLOCATION</VALUE>
<RECORD>
<VALUE tag='4' text='Camera View' type='17'>1</VALUE>
<VALUE tag='113' text='Camera Data Name' type='9' raw='%54%4f%54%45%43%41%4d%45%52%41'>TOTECAMERA</VALUE>
<VALUE tag='222' text='Pos. of Robot Holding Camera' type='27' raw='C4A4C806C4257D0C43FC389343338FC4BEE700E943164552************************************************************************'>-1318.251, -661.954, 504.442, 179.562, -.451, 150.271</VALUE>
<VALUE tag='13' text='Pos. of Robot Holding Part' type='10' raw='-995818343 -1004283624 -1024783744 -1104173419 1058730537 -1028426059'>-1320.144, -655.392, -117.521, -.171, .605, -89.732</VALUE>
<VALUE tag='110' text='Tool Frame Number' type='3'>3</VALUE>
<VALUE tag='112' text='Robot Name' type='9' raw=''></VALUE>
<VALUE tag='111' text='Group Number' type='3'>1</VALUE>
<VALUE tag='109' text='User Frame Number' type='3'>12</VALUE>
<RECORD>
<VALUE tag='80' text='Tool Name' type='9' raw='%53%6e%61%70%20%54%6f%6f%6c%20%31'>Snap Tool 1</VALUE>
<VALUE tag='134' text='Image' type='24' raw='0'>VIMG000000.PNG</VALUE>
<VALUE tag='213' text='Snap Window' type='26' raw='64 0 894 1280'>(64,0) 894*1280</VALUE>
<VALUE tag='214' text='Resolution Reduction Level' type='3'>2</VALUE>
</RECORD>
</RECORD>
</RECORD>
</VISIONLOG>
