{
  "custom": {},
  "params": {},
  "props": {
    "defaultSize": {
      "height": 300,
      "width": 300
    }
  },
  "root": {
    "children": [
      {
        "meta": {
          "name": "temptank"
        },
        "position": {
          "height": 300,
          "width": 300
        },
        "props": {
          "elements": [
            {
              "id": "defs1",
              "name": "defs1",
              "type": "defs"
            },
            {
              "elements": [
                {
                  "d": "m 81.756581,103.19087 a 44.766207,22.564004 0 0 0 -44.766322,22.56406 v 45.12812 A 44.766207,22.564004 0 0 0 81.756581,193.44712 44.766207,22.564004 0 0 0 126.5229,170.88305 V 125.75493 A 44.766207,22.564004 0 0 0 81.756581,103.19087 Z",
                  "fill": {
                    "paint": "#ff0000"
                  },
                  "id": "path1",
                  "name": "path1",
                  "stroke": {
                    "dashoffset": "7.55905",
                    "paint": "#000000",
                    "width": "0.447022"
                  },
                  "style": {
                    "opacity": "0.873134"
                  },
                  "type": "path"
                },
                {
                  "d": "m 81.756581,103.19087 a 44.766207,22.564004 0 0 0 -44.766322,22.56406 v 45.12812 A 44.766207,22.564004 0 0 0 81.756581,193.44712 44.766207,22.564004 0 0 0 126.5229,170.88305 V 125.75493 A 44.766207,22.564004 0 0 0 81.756581,103.19087 Z",
                  "fill": {
                    "paint": "#00ffff"
                  },
                  "id": "path1-5",
                  "name": "path1-5",
                  "stroke": {
                    "dashoffset": 7.55905,
                    "paint": "#000000",
                    "width": 2
                  },
                  "style": {
                    "fill": "#FF0000",
                    "opacity": 0.873134
                  },
                  "type": "path"
                }
              ],
              "id": "layer1",
              "name": "layer1",
              "transform": "translate(-36.766748,-102.96736)",
              "type": "group"
            }
          ],
          "viewBox": "0 0 89.97966 90.70327"
        },
        "type": "ia.shapes.svg"
      }
    ],
    "meta": {
      "name": "root"
    },
    "type": "ia.container.coord"
  }
}