{
  "custom": {},
  "params": {
    "trayA": false,
    "trayB": false
  },
  "propConfig": {
    "params.trayA": {
      "paramDirection": "input",
      "persistent": true
    },
    "params.trayB": {
      "paramDirection": "input",
      "persistent": true
    }
  },
  "props": {
    "defaultSize": {
      "height": 150,
      "width": 300
    }
  },
  "root": {
    "children": [
      {
        "meta": {
          "name": "tray"
        },
        "position": {
          "height": 1.04,
          "width": 1
        },
        "propConfig": {
          "props.elements[1].elements[1].fill": {
            "binding": {
              "config": {
                "path": "view.params.trayA"
              },
              "transforms": [
                {
                  "fallback": "#000000",
                  "inputType": "scalar",
                  "mappings": [
                    {
                      "input": true,
                      "output": "#00FF00"
                    },
                    {
                      "input": false,
                      "output": "#FF0000"
                    }
                  ],
                  "outputType": "color",
                  "type": "map"
                }
              ],
              "type": "property"
            }
          },
          "props.elements[1].elements[2].fill": {
            "binding": {
              "config": {
                "path": "view.params.trayB"
              },
              "transforms": [
                {
                  "fallback": "#000000",
                  "inputType": "scalar",
                  "mappings": [
                    {
                      "input": true,
                      "output": "#00FF00"
                    },
                    {
                      "input": false,
                      "output": "#FF0000"
                    }
                  ],
                  "outputType": "color",
                  "type": "map"
                }
              ],
              "type": "property"
            }
          }
        },
        "props": {
          "elements": [
            {
              "id": "defs1",
              "name": "defs1",
              "type": "defs"
            },
            {
              "elements": [
                {
                  "fill": {},
                  "height": "7.9585867",
                  "id": "rect63",
                  "name": "rect63",
                  "stroke": {
                    "dashoffset": "7.55905",
                    "paint": "#000000",
                    "width": "0.264583"
                  },
                  "style": {
                    "opacity": "0.873134"
                  },
                  "type": "rect",
                  "width": "44.495739",
                  "x": "21.705238",
                  "y": "63.668694"
                },
                {
                  "href": "#rect63",
                  "id": "a",
                  "name": "a",
                  "type": "use",
                  "x": "0",
                  "y": "0"
                },
                {
                  "href": "#rect63",
                  "id": "b",
                  "name": "b",
                  "transform": "translate(0,10.869003)",
                  "type": "use",
                  "x": "0",
                  "y": "0"
                },
                {
                  "fill": {
                    "paint": "transparent"
                  },
                  "height": "26.044441",
                  "id": "rect64",
                  "name": "rect64",
                  "stroke": {
                    "dashoffset": "7.55905",
                    "paint": "#000000",
                    "width": "0.266426"
                  },
                  "style": {
                    "opacity": "0.873134"
                  },
                  "type": "rect",
                  "width": "51.005463",
                  "x": "18.088619",
                  "y": "60.413834"
                }
              ],
              "id": "layer1",
              "name": "layer1",
              "transform": "translate(-17.955406,-60.280621)",
              "type": "group"
            }
          ],
          "viewBox": "0 0 51.271889 26.310867"
        },
        "type": "ia.shapes.svg"
      }
    ],
    "meta": {
      "name": "root"
    },
    "props": {
      "aspectRatio": "2:1",
      "mode": "percent",
      "style": {
        "overflow": "hidden"
      }
    },
    "type": "ia.container.coord"
  }
}