{
  "custom": {},
  "params": {
    "key": 113.22
  },
  "propConfig": {
    "params.key": {
      "binding": {
        "config": {
          "path": "/root/widgetproto.custom.value"
        },
        "type": "property"
      },
      "paramDirection": "output",
      "persistent": true
    }
  },
  "props": {
    "defaultSize": {
      "height": 300,
      "width": 300
    }
  },
  "root": {
    "children": [
      {
        "custom": {
          "current": 5,
          "dragging": false,
          "origin": 4,
          "percent": 51
        },
        "events": {
          "dom": {
            "onMouseDown": {
              "config": {
                "script": "\tself.custom.dragging \u003d True\n\tself.custom.origin \u003d event.pageY / 30"
              },
              "scope": "G",
              "type": "script"
            },
            "onMouseMove": {
              "config": {
                "script": "\tif(self.custom.dragging \u003d\u003d True):\n\t\tself.custom.current \u003d event.pageY / 30\n\t\tposDelta \u003d (self.custom.origin - self.custom.current)\n\t\ttemp \u003d self.custom.percent + posDelta\n\t\tif(temp \u003e\u003d 0 and temp \u003c\u003d 100):\n\t\t\tself.custom.percent \u003d temp\n\t\telif(temp \u003c 0):\n\t\t\tself.custom.percent \u003d 0\n\t\telse:\n\t\t\tself.custom.percent \u003d 100"
              },
              "scope": "G",
              "type": "script"
            },
            "onMouseUp": {
              "config": {
                "script": "\tself.custom.dragging \u003d False"
              },
              "scope": "G",
              "type": "script"
            }
          }
        },
        "meta": {
          "name": "widgetproto"
        },
        "position": {
          "height": 300,
          "width": 300
        },
        "propConfig": {
          "custom.value": {
            "binding": {
              "config": {
                "expression": "({this.custom.percent} / 100) * 222"
              },
              "type": "expr"
            }
          },
          "props.elements[1].elements[0].elements[1].stroke.dasharray": {
            "binding": {
              "config": {
                "expression": "{this.custom.value} + \" 222\""
              },
              "type": "expr"
            }
          },
          "props.elements[1].elements[1].elements[0].text": {
            "binding": {
              "config": {
                "expression": "{this.custom.percent} + \"%\""
              },
              "type": "expr"
            }
          },
          "props.elements[1].elements[2].elements[0].text": {
            "binding": {
              "config": {
                "expression": "round( {this.custom.value},2)"
              },
              "type": "expr"
            }
          }
        },
        "props": {
          "elements": [
            {
              "id": "defs1",
              "name": "defs1",
              "type": "defs"
            },
            {
              "elements": [
                {
                  "elements": [
                    {
                      "d": "M 89.004089,206.69205 A 47.208893,47.208893 0 0 1 45.38876,177.54922 47.208893,47.208893 0 0 1 55.622361,126.10143 47.208893,47.208893 0 0 1 107.07015,115.86782 47.208893,47.208893 0 0 1 136.21298,159.48315",
                      "fill": {
                        "opacity": "1",
                        "paint": "transparent"
                      },
                      "id": "path14",
                      "name": "path14",
                      "stroke": {
                        "dasharray": "none",
                        "dashoffset": "7.55905",
                        "opacity": "0.433384",
                        "paint": "#4A4A4A",
                        "width": "4.99999"
                      },
                      "style": {
                        "opacity": "0.873134"
                      },
                      "type": "path"
                    },
                    {
                      "d": "m 88.970131,206.66576 a 47.208893,47.208893 0 0 1 -43.61533,-29.14283 47.208893,47.208893 0 0 1 10.233601,-51.44779 47.208893,47.208893 0 0 1 51.447788,-10.23361 47.208893,47.208893 0 0 1 29.14283,43.61533",
                      "fill": {
                        "opacity": "1",
                        "paint": "transparent"
                      },
                      "id": "path14-7",
                      "name": "path14-7",
                      "stroke": {
                        "dashoffset": 0,
                        "opacity": 1,
                        "paint": "#FF0000",
                        "width": "4.99999"
                      },
                      "style": {
                        "opacity": "0.873134"
                      },
                      "type": "path"
                    },
                    {
                      "d": "m 87.730469,117.06836 c -11.805176,0.3313 -23.368242,5.84873 -30.990983,14.88137 -6.932418,8.12048 -10.698748,18.90978 -10.097434,29.59007 0.496568,10.35387 4.897633,20.49168 12.257368,27.81242 6.934466,7.00875 16.36294,11.52084 26.201339,12.35409 10.330425,0.98268 20.997101,-1.96538 29.276401,-8.24119 8.14057,-6.04198 13.98181,-15.09216 16.07602,-25.01595 2.16384,-9.84632 0.67559,-20.45063 -4.21406,-29.27708 -4.67089,-8.64571 -12.45405,-15.55696 -21.61473,-19.12498 -5.353668,-2.11893 -11.136112,-3.15901 -16.893921,-2.97875 z",
                      "fill": {
                        "opacity": "1",
                        "paint": "transparent"
                      },
                      "id": "path14-3",
                      "name": "path14-3",
                      "stroke": {
                        "dasharray": "none",
                        "dashoffset": "7.55905",
                        "opacity": "1",
                        "paint": "transparent",
                        "width": "4.99999"
                      },
                      "style": {
                        "opacity": "0.873134"
                      },
                      "type": "path"
                    }
                  ],
                  "id": "meter",
                  "name": "meter",
                  "transform": "matrix(0.87675374,0,0,0.86141657,20.126008,-94.138448)",
                  "type": "group"
                },
                {
                  "elements": [
                    {
                      "fill": {
                        "opacity": "1",
                        "paint": "#fefefe"
                      },
                      "id": "tspan1-6",
                      "name": "tspan1-6",
                      "stroke": {
                        "paint": "transparent",
                        "width": "5"
                      },
                      "style": {
                        "InkscapeFontSpecification": "\u0027Monospac821 BT, Bold\u0027",
                        "fontFamily": "\u0027Monospac821 BT\u0027",
                        "fontSize": "14.1111px",
                        "fontStretch": "normal",
                        "fontStyle": "normal",
                        "fontVariant": "normal",
                        "fontVariantCaps": "normal",
                        "fontVariantEastAsian": "normal",
                        "fontVariantLigatures": "normal",
                        "fontVariantNumeric": "normal",
                        "fontWeight": "bold",
                        "textAlign": "center",
                        "textAnchor": "middle"
                      },
                      "type": "tspan",
                      "x": "98.138184",
                      "y": "48.019741"
                    }
                  ],
                  "fill": {
                    "opacity": "1",
                    "paint": "#fefefe"
                  },
                  "id": "kwValue-7",
                  "name": "kwValue-7",
                  "stroke": {
                    "dasharray": "270 270",
                    "dashoffset": 1,
                    "opacity": 1,
                    "paint": "#FF0000",
                    "width": "4.99999"
                  },
                  "style": {
                    "InkscapeFontSpecification": "\u0027Monospac821 BT, Bold\u0027",
                    "fontFamily": "\u0027Monospac821 BT\u0027",
                    "fontSize": "14.1111px",
                    "fontStretch": "normal",
                    "fontStyle": "normal",
                    "fontVariant": "normal",
                    "fontVariantCaps": "normal",
                    "fontVariantEastAsian": "normal",
                    "fontVariantLigatures": "normal",
                    "fontVariantNumeric": "normal",
                    "fontWeight": "bold",
                    "opacity": "0.873134",
                    "textAlign": "center",
                    "textAnchor": "middle"
                  },
                  "type": "text",
                  "x": "98.138184",
                  "y": "48.019741"
                },
                {
                  "elements": [
                    {
                      "fill": {
                        "opacity": "1",
                        "paint": "#ffffff"
                      },
                      "id": "tspan378",
                      "name": "tspan378",
                      "stroke": {
                        "paint": "transparent",
                        "width": "5"
                      },
                      "style": {
                        "InkscapeFontSpecification": "\u0027Monospac821 BT, Bold\u0027",
                        "fontFamily": "\u0027Monospac821 BT\u0027",
                        "fontSize": "6.35px",
                        "fontStretch": "normal",
                        "fontStyle": "normal",
                        "fontVariant": "normal",
                        "fontVariantCaps": "normal",
                        "fontVariantEastAsian": "normal",
                        "fontVariantLigatures": "normal",
                        "fontVariantNumeric": "normal",
                        "fontWeight": "bold"
                      },
                      "type": "tspan",
                      "x": 98.334557,
                      "y": "55.6269"
                    }
                  ],
                  "fill": {
                    "opacity": "1",
                    "paint": "#ffffff"
                  },
                  "id": "text378",
                  "name": "text378",
                  "stroke": {
                    "dasharray": "none",
                    "dashoffset": "7.55905",
                    "opacity": "1",
                    "paint": "transparent",
                    "width": "4.99999"
                  },
                  "style": {
                    "InkscapeFontSpecification": "\u0027Monospac821 BT, Bold\u0027",
                    "fontFamily": "\u0027Monospac821 BT\u0027",
                    "fontSize": "6.35px",
                    "fontStretch": "normal",
                    "fontStyle": "normal",
                    "fontVariant": "normal",
                    "fontVariantCaps": "normal",
                    "fontVariantEastAsian": "normal",
                    "fontVariantLigatures": "normal",
                    "fontVariantNumeric": "normal",
                    "fontWeight": "bold",
                    "opacity": "0.873134",
                    "textAlign": "center",
                    "textAnchor": "middle"
                  },
                  "type": "text",
                  "x": "98.334557",
                  "y": "55.6269"
                }
              ],
              "id": "layer1",
              "name": "layer1",
              "transform": "translate(-54.549231,-0.40104454)",
              "type": "group"
            }
          ],
          "viewBox": "0 0 87.193913 85.662003"
        },
        "type": "ia.shapes.svg"
      }
    ],
    "meta": {
      "name": "root"
    },
    "props": {
      "style": {
        "backgroundColor": "#000000"
      }
    },
    "type": "ia.container.coord"
  }
}