{
  "custom": {},
  "params": {},
  "props": {
    "defaultSize": {
      "width": 1482
    }
  },
  "root": {
    "children": [
      {
        "meta": {
          "name": "FlexRepeater"
        },
        "position": {
          "height": 165,
          "width": 1092
        },
        "props": {
          "instances": [
            {
              "instancePosition": {},
              "instanceStyle": {
                "classes": ""
              },
              "trayA": false,
              "trayB": true
            },
            {
              "instancePosition": {},
              "instanceStyle": {
                "classes": ""
              },
              "trayA": true,
              "trayB": false
            },
            {
              "instancePosition": {},
              "instanceStyle": {
                "classes": ""
              },
              "trayA": true,
              "trayB": false
            },
            {
              "instancePosition": {},
              "instanceStyle": {
                "classes": ""
              },
              "trayA": true,
              "trayB": false
            },
            {
              "instancePosition": {},
              "instanceStyle": {
                "classes": ""
              },
              "trayA": false,
              "trayB": true
            },
            {
              "instancePosition": {},
              "instanceStyle": {
                "classes": ""
              }
            }
          ],
          "path": "trays",
          "useDefaultViewWidth": false
        },
        "type": "ia.display.flex-repeater"
      }
    ],
    "meta": {
      "name": "root"
    },
    "type": "ia.container.coord"
  }
}