{
  "custom": {
    "current": 10,
    "dragging": false,
    "origin": 7,
    "value": 30
  },
  "params": {},
  "propConfig": {
    "custom.value": {
      "persistent": true
    }
  },
  "props": {
    "defaultSize": {
      "height": 302,
      "width": 302
    }
  },
  "root": {
    "children": [
      {
        "events": {
          "dom": {
            "onMouseDown": {
              "config": {
                "script": "\tself.view.custom.dragging \u003d True\n\tself.view.custom.origin \u003d event.screenY / 30\n\t"
              },
              "scope": "G",
              "type": "script"
            },
            "onMouseMove": {
              "config": {
                "script": "\tif(self.view.custom.dragging \u003d\u003d True):\n\t\tself.view.custom.current \u003d event.screenY / 30\n\t\tdiff \u003d (self.view.custom.origin - self.view.custom.current)\n\t\ttemp \u003d self.view.custom.value + diff\n\t\tif(temp \u003e\u003d 0 and temp \u003c\u003d 100):\n\t\t\tself.view.custom.value \u003d temp\n\t\telif(temp \u003c 0):\n\t\t\tself.view.custom.value \u003d 0\n\t\telse:\n\t\t\tself.view.custom.value \u003d 100"
              },
              "scope": "G",
              "type": "script"
            },
            "onMouseUp": {
              "config": {
                "script": "\tself.view.custom.dragging \u003d False\n\t"
              },
              "scope": "G",
              "type": "script"
            }
          }
        },
        "meta": {
          "name": "dial"
        },
        "position": {
          "height": 300,
          "width": 300
        },
        "propConfig": {
          "props.elements[1].elements[1].fill.paint": {
            "binding": {
              "config": {
                "path": "view.custom.value"
              },
              "transforms": [
                {
                  "fallback": "#000000",
                  "inputType": "range",
                  "mappings": [
                    {
                      "input": {
                        "max": 30,
                        "min": 0
                      },
                      "output": "#00FF00"
                    },
                    {
                      "input": {
                        "max": 50,
                        "min": 30
                      },
                      "output": "#FFFF00"
                    },
                    {
                      "input": {
                        "max": 70,
                        "min": 50
                      },
                      "output": "#FF8C00"
                    },
                    {
                      "input": {
                        "max": 100,
                        "min": 70
                      },
                      "output": "#FF0000"
                    }
                  ],
                  "outputType": "color",
                  "type": "map"
                }
              ],
              "type": "property"
            }
          },
          "props.style.transform": {
            "binding": {
              "config": {
                "expression": "\"rotate(\" + ({view.custom.value} / 100) + \"turn)\""
              },
              "type": "expr"
            }
          }
        },
        "props": {
          "elements": [
            {
              "elements": [
                {
                  "elements": [
                    {
                      "id": "feGaussianBlur2",
                      "name": "feGaussianBlur2",
                      "result": "result6",
                      "stdDeviation": "5",
                      "type": "feGaussianBlur"
                    },
                    {
                      "id": "feComposite2",
                      "in": "SourceGraphic",
                      "in2": "result6",
                      "name": "feComposite2",
                      "operator": "atop",
                      "result": "result8",
                      "type": "feComposite"
                    },
                    {
                      "id": "feComposite3",
                      "in": "result8",
                      "in2": "SourceAlpha",
                      "name": "feComposite3",
                      "operator": "over",
                      "result": "result9",
                      "type": "feComposite"
                    },
                    {
                      "id": "feColorMatrix3",
                      "name": "feColorMatrix3",
                      "result": "result10",
                      "type": "feColorMatrix",
                      "values": "1 0 0 0 0 0 1 0 0 0 0 0 1 0 0 0 0 0 1 0 "
                    },
                    {
                      "id": "feBlend3",
                      "in": "result10",
                      "in2": "result6",
                      "mode": "normal",
                      "name": "feBlend3",
                      "type": "feBlend"
                    }
                  ],
                  "height": "1.163286",
                  "id": "filter3",
                  "name": "filter3",
                  "style": {
                    "colorInterpolationFilters": "sRGB"
                  },
                  "type": "filter",
                  "width": "1.163286",
                  "x": "-0.08164302",
                  "y": "-0.08164302"
                },
                {
                  "elements": [
                    {
                      "id": "feGaussianBlur3",
                      "name": "feGaussianBlur3",
                      "result": "result6",
                      "stdDeviation": "5",
                      "type": "feGaussianBlur"
                    },
                    {
                      "id": "feComposite4",
                      "in": "SourceGraphic",
                      "in2": "result6",
                      "name": "feComposite4",
                      "operator": "atop",
                      "result": "result8",
                      "type": "feComposite"
                    },
                    {
                      "id": "feComposite5",
                      "in": "result8",
                      "in2": "SourceAlpha",
                      "name": "feComposite5",
                      "operator": "over",
                      "result": "result9",
                      "type": "feComposite"
                    },
                    {
                      "id": "feColorMatrix5",
                      "name": "feColorMatrix5",
                      "result": "result10",
                      "type": "feColorMatrix",
                      "values": "1 0 0 0 0 0 1 0 0 0 0 0 1 0 0 0 0 0 1 0 "
                    },
                    {
                      "id": "feBlend5",
                      "in": "result10",
                      "in2": "result6",
                      "mode": "normal",
                      "name": "feBlend5",
                      "type": "feBlend"
                    }
                  ],
                  "height": "2.5149317",
                  "id": "filter5",
                  "name": "filter5",
                  "style": {
                    "colorInterpolationFilters": "sRGB"
                  },
                  "type": "filter",
                  "width": "2.5149317",
                  "x": "-0.75746584",
                  "y": "-0.75746584"
                }
              ],
              "id": "defs1",
              "name": "defs1",
              "type": "defs"
            },
            {
              "elements": [
                {
                  "cx": "116.12288",
                  "cy": "149.93643",
                  "fill": {
                    "paint": "#4d4d4d"
                  },
                  "id": "path1",
                  "name": "path1",
                  "r": "74.30085",
                  "stroke": {
                    "dashoffset": "7.55905",
                    "paint": "#000000",
                    "width": "0.264583"
                  },
                  "style": {
                    "filter": "url(#filter3)",
                    "opacity": "0.873134"
                  },
                  "type": "circle"
                },
                {
                  "cx": "116.12288",
                  "cy": "206.31694",
                  "fill": {},
                  "id": "path2",
                  "name": "path2",
                  "r": "8.0084743",
                  "stroke": {
                    "dashoffset": "7.55905",
                    "paint": "#000000",
                    "width": "0.264583"
                  },
                  "style": {
                    "filter": "url(#filter5)",
                    "opacity": "0.873134"
                  },
                  "type": "circle"
                }
              ],
              "id": "layer1",
              "name": "layer1",
              "transform": "translate(-41.689738,-75.50329)",
              "type": "group"
            }
          ],
          "style": {
            "margin": "1px"
          },
          "viewBox": "0 0 148.86629 148.86629"
        },
        "type": "ia.shapes.svg"
      }
    ],
    "meta": {
      "name": "root"
    },
    "props": {
      "style": {
        "overflow": "hidden"
      }
    },
    "type": "ia.container.coord"
  }
}