{
  "custom": {},
  "params": {},
  "props": {},
  "root": {
    "children": [
      {
        "meta": {
          "name": "test"
        },
        "position": {
          "height": 476,
          "width": 556,
          "x": 141,
          "y": 178
        },
        "propConfig": {
          "custom.key": {
            "binding": {
              "config": {
                "expression": "toMillis(now(16))"
              },
              "type": "expr"
            },
            "onChange": {
              "enabled": null,
              "script": "\tif(self.props.elements[2].x \u003c 2100):\n\t\tself.props.elements[2].x +\u003d 1\n\telse:\n\t\tself.props.elements[2].x \u003d 0"
            }
          }
        },
        "props": {
          "elements": [
            {
              "elements": [
                {
                  "fill": {
                    "paint": "#ffffff"
                  },
                  "height": "25.322777",
                  "id": "rect2",
                  "name": "rect2",
                  "stroke": {
                    "dashoffset": "7.55905",
                    "width": "6.00001"
                  },
                  "style": {
                    "opacity": "0.873134"
                  },
                  "type": "rect",
                  "width": "25.322777",
                  "x": "135.65775",
                  "y": "35.090134"
                }
              ],
              "id": "defs1",
              "name": "defs1",
              "type": "defs"
            },
            {
              "elements": [
                {
                  "fill": {
                    "paint": "#ffffff"
                  },
                  "height": "57.88063",
                  "id": "rect1",
                  "name": "rect1",
                  "stroke": {
                    "dashoffset": "7.55905",
                    "width": "6.00001"
                  },
                  "style": {
                    "opacity": "0.873134"
                  },
                  "type": "rect",
                  "width": "81.756393",
                  "x": "38.345921",
                  "y": "31.110842"
                }
              ],
              "id": "layer1",
              "name": "layer1",
              "type": "group"
            },
            {
              "fill": {
                "paint": "#ffffff"
              },
              "height": "25.322777",
              "id": "rect2",
              "name": "rect2",
              "stroke": {
                "dashoffset": "7.55905",
                "width": "6.00001"
              },
              "style": {
                "opacity": "0.873134"
              },
              "type": "rect",
              "width": "25.322777",
              "x": 1751,
              "y": 55.090134
            },
            {
              "type": "group"
            }
          ],
          "style": {
            "borderStyle": "solid"
          },
          "viewBox": "0 0 2100 297"
        },
        "scripts": {
          "customMethods": [],
          "extensionFunctions": null,
          "messageHandlers": [
            {
              "messageType": "increment",
              "pageScope": true,
              "script": "\t\n\tif(self.props.elements[2].x \u003c 210):\n\t\tself.props.elements[2].x +\u003d 1\n\telse:\n\t\tself.props.elements[2].x \u003d 0\n\t# implement your handler here",
              "sessionScope": true,
              "viewScope": true
            }
          ]
        },
        "type": "ia.shapes.svg"
      }
    ],
    "meta": {
      "name": "root"
    },
    "props": {
      "style": {
        "backgroundColor": "#ffa500"
      }
    },
    "type": "ia.container.coord"
  }
}